{"total_games":88,"WS":26,"LS":11,"WnS":21,"LnS":30,"WinrateSwitch":0.7027027027027027,"WinratenoSwitch":0.4117647058823529}