{"total_games":81,"WS":24,"LS":11,"WnS":19,"LnS":27,"WinrateSwitch":0.6857142857142857,"WinratenoSwitch":0.41304347826086957}