{"total_games":73,"WS":20,"LS":11,"WnS":16,"LnS":26,"WinrateSwitch":0.6451612903225806,"WinratenoSwitch":0.38095238095238093}