{"total_games":103,"WS":30,"LS":12,"WnS":24,"LnS":37,"WinrateSwitch":0.7142857142857143,"WinratenoSwitch":0.39344262295081966}