{"total_games":85,"WS":26,"LS":11,"WnS":20,"LnS":28,"WinrateSwitch":0.7027027027027027,"WinratenoSwitch":0.4166666666666667}