{"total_games":60,"WS":14,"LS":10,"WnS":11,"LnS":25,"WinrateSwitch":0.5833333333333334,"WinratenoSwitch":0.3055555555555556}