{"total_games":89,"WS":26,"LS":11,"WnS":21,"LnS":31,"WinrateSwitch":0.7027027027027027,"WinratenoSwitch":0.40384615384615385}